<?xml version="1.0" encoding="UTF-8"?>
<project-private xmlns="http://www.netbeans.org/ns/project-private/1">
    <editor-bookmarks xmlns="http://www.netbeans.org/ns/editor-bookmarks/2" lastBookmarkId="0"/>
    <open-files xmlns="http://www.netbeans.org/ns/projectui-open-files/2">
        <group>
            <file>file:/C:/Users/Dell/Documents/NetBeansProjects/TicTacToe/src/tictactoe/TicTacToe.java</file>
            <file>file:/C:/Users/Dell/Documents/NetBeansProjects/TicTacToe/test/tictactoe/GameParameterizedTest.java</file>
            <file>file:/C:/Users/Dell/Documents/NetBeansProjects/TicTacToe/src/tictactoe/Game.java</file>
            <file>file:/C:/Users/Dell/Documents/NetBeansProjects/TicTacToe/test/tictactoe/GameTestSuite.java</file>
            <file>file:/C:/Users/Dell/Documents/NetBeansProjects/TicTacToe/test/tictactoe/TestRunner.java</file>
            <file>file:/C:/Users/Dell/Documents/NetBeansProjects/TicTacToe/test/tictactoe/GameTest.java</file>
        </group>
    </open-files>
</project-private>
